Treatment,Replicate,Depth,pH,CEC,phosphorus,potassium,calcium,magnesium,Nitrogen,lime_index
T1,R1,0-25cm,6.2,7.52,27,118,1079,219,18,70
T1,R2,0-25cm,6.3,9.01,27,125,1092,244,17,69
T1,R3,0-25cm,6.1,9.21,77,139,970,193,16,68
T1,R4,0-25cm,6.4,6.98,32,140,996,197,17,70
T1,R5,0-25cm,6.1,7.42,28,97,1111,194,15,70
T1,R6,0-25cm,6,4.86,52,83,721,125,14,70
T2,R1,0-25cm,6.2,7.73,36,145,1105,220,21,70
T2,R2,0-25cm,6,8.71,31,102,1085,219,22,69
T2,R3,0-25cm,6.3,8.85,34,125,1086,228,22,69
T2,R4,0-25cm,6.2,8.37,32,126,1008,217,23,69
T2,R5,0-25cm,6.2,7.48,27,111,1056,230,21,70
T2,R6,0-25cm,6.3,6.54,39,90,950,187,25,70
T3,R1,0-25cm,6.3,8.4,23,118,1195,255,45,71
T3,R2,0-25cm,6.3,6.49,51,107,929,189,47,70
T3,R3,0-25cm,6.2,8.05,37,141,1183,213,49,70
T3,R4,0-25cm,6.2,7.68,23,138,1082,230,43,70
T3,R5,0-25cm,6.2,7.41,23,130,1044,223,46,70
T3,R6,0-25cm,6.1,6.65,37,99,1015,159,43,70
T4,R1,0-25cm,6.1,7.7,22,81,1146,211,8,70
T4,R2,0-25cm,6.3,7.29,27,72,1043,227,9,70
T4,R3,0-25cm,6.2,7.84,19,92,1143,227,8,70
T4,R4,0-25cm,6.4,7.55,21,90,1081,230,6,70
T4,R5,0-25cm,6.2,7.66,15,78,1099,236,7,70
T4,R6,0-25cm,6.1,6.03,35,37,911,166,8,70
T5,R1,0-25cm,6.1,7.76,47,126,991,154,15,69
T5,R2,0-25cm,6,8.53,33,128,1076,195,18,69
T5,R3,0-25cm,6.2,6.68,69,140,1014,150,16,70
T5,R4,0-25cm,6.3,6.92,59,167,1041,155,16,70
T5,R5,0-25cm,6,7.29,31,95,945,135,15,69
T5,R6,0-25cm,5.9,8.76,60,106,1055,98,16,68
T6,R1,0-25cm,5.8,8.5,42,145,1004,229,71,69
T6,R2,0-25cm,6,8.37,29,148,1139,276,76,70
T6,R3,0-25cm,6.1,9.11,54,148,1116,234,73,69
T6,R4,0-25cm,6.2,7.47,39,164,1024,231,72,71
T6,R5,0-25cm,6.1,8.28,33,136,1158,257,72,70
T6,R6,0-25cm,6,6.18,48,126,891,168,73,70
T8nt,R1,0-25cm,5.3,8.91,46,70,626,96,12,66
T8nt,R2,0-25cm,4.9,9.47,59,57,365,36,13,64
T8nt,R3,0-25cm,4.9,9.75,57,63,415,38,12,64
T8nt,R4,0-25cm,5,9.3,41,64,527,60,14,65
T1,R1,0-25cm,6.8,7.1,26,115,1040,196,14,69
T1,R2,0-25cm,6.6,6.7,34,129,967,181,15,70
T1,R3,0-25cm,6.6,9.7,72,168,1076,183,12,68
T1,R4,0-25cm,6.5,6.7,32,120,999,167,13,70
T1,R5,0-25cm,6.5,6.4,32,92,958,159,18,70
T1,R6,0-25cm,6.3,4.4,55,80,642,115,19,70
T2,R1,0-25cm,6.5,8.2,37,120,1037,182,45,69
T2,R2,0-25cm,6.2,7.9,34,106,989,175,41,69
T2,R3,0-25cm,6.6,8,39,128,993,181,48,69
T2,R4,0-25cm,6,8.7,35,117,905,172,49,68
T2,R5,0-25cm,6.5,6.8,26,103,998,185,47,70
T2,R6,0-25cm,6.3,5.8,40,87,861,153,49,70
T3,R1,0-25cm,6.9,7.1,23,101,1050,191,45,70
T3,R2,0-25cm,6.4,6.9,50,104,823,153,43,69
T3,R3,0-25cm,6.6,6.5,38,115,985,156,47,70
T3,R4,0-25cm,6.5,7.6,24,121,1109,205,51,70
T3,R5,0-25cm,6.6,6.9,25,110,1019,184,53,70
T3,R6,0-25cm,6.3,6.1,37,84,955,139,55,70
T4,R1,0-25cm,6.6,8.6,20,89,1136,185,55,69
T4,R2,0-25cm,6.7,6.5,26,71,971,178,51,70
T4,R3,0-25cm,6.5,7,21,79,1049,182,52,70
T4,R4,0-25cm,6.7,7,24,79,1063,181,58,70
T4,R5,0-25cm,6.4,7.5,23,72,1127,199,61,70
T4,R6,0-25cm,6.5,5.6,32,37,874,139,61,70
T5,R1,0-25cm,6.1,8.7,51,126,979,135,62,68
T5,R2,0-25cm,6.3,7.7,31,118,977,154,63,69
T5,R3,0-25cm,6.2,7.6,59,153,960,146,69,69
T5,R4,0-25cm,6.5,7.2,59,157,913,128,67,69
T5,R5,0-25cm,5.9,8.2,31,108,892,128,68,68
T5,R6,0-25cm,6,8.1,59,84,954,83,68,68
T6,R1,0-25cm,6.2,8.1,46,163,976,195,69,69
T6,R2,0-25cm,6.7,7.5,37,163,1054,215,68,70
T6,R3,0-25cm,6.4,8.6,51,157,1073,196,67,69
T6,R4,0-25cm,6.8,7.2,39,163,1026,195,69,71
T6,R5,0-25cm,6.5,7.3,42,141,1059,199,69,70
T6,R6,0-25cm,6.6,5.9,58,148,860,143,68,70
T8nt,R1,0-25cm,5,11.2,61,92,424,48,65,63
T8nt,R2,0-25cm,5.3,11.1,68,99,410,53,66,63
T8nt,R3,0-25cm,5.1,9,51,81,470,49,61,65
T8nt,R4,0-25cm,5.4,10.5,42,85,522,54,71,64
T1,R1,0-25cm,6.3,5.3,18,87,718,175,71,70
T1,R2,0-25cm,6.3,5.9,21,100,790,198,72,69
T1,R3,0-25cm,6.3,6.4,59,116,713,156,72,68
T1,R4,0-25cm,6.4,5.4,20,93,746,172,34,70
T1,R5,0-25cm,6.3,6.3,22,81,881,197,33,70
T1,R6,0-25cm,6.3,3.7,41,56,517,116,49,70
T2,R1,0-25cm,6.1,5.4,25,97,747,166,43,70
T2,R2,0-25cm,6.2,6.1,24,92,850,197,45,69
T2,R3,0-25cm,6,7.3,25,114,823,200,47,69
T2,R4,0-25cm,6,5.2,24,101,702,167,47,69
T2,R5,0-25cm,6.2,6.2,20,100,834,212,49,70
T2,R6,0-25cm,6.4,4.4,31,55,635,136,48,70
T3,R1,0-25cm,6.5,5.8,15,80,806,193,61,71
T3,R2,0-25cm,6.4,5,37,87,682,167,62,70
T3,R3,0-25cm,6.4,5.6,25,96,793,161,64,70
T3,R4,0-25cm,6.4,6.2,18,106,838,209,66,70
T3,R5,0-25cm,6.4,6.3,16,93,852,216,66,70
T3,R6,0-25cm,6.4,5.5,27,74,795,155,67,70
T4,R1,0-25cm,6.2,6.1,17,80,870,189,69,70
T4,R2,0-25cm,6.5,5.6,21,66,774,193,66,70
T4,R3,0-25cm,6.3,6.1,17,79,837,201,67,70
T4,R4,0-25cm,6.5,6.2,16,83,869,196,68,70
T4,R5,0-25cm,6.4,6.1,11,67,851,199,65,70
T4,R6,0-25cm,6.3,4.5,26,34,641,139,65,70
T5,R1,0-25cm,5.9,5.9,38,115,673,125,45,69
T5,R2,0-25cm,5.8,6.7,25,100,774,170,43,69
T5,R3,0-25cm,6.2,4.8,57,117,706,121,44,70
T5,R4,0-25cm,6.1,5.9,46,139,843,159,43,70
T5,R5,0-25cm,5.9,5.8,30,93,672,119,42,69
T5,R6,0-25cm,5.6,6.8,49,77,717,78,44,68
T6,R1,0-25cm,6.2,5.6,27,126,742,191,71,69
T6,R2,0-25cm,6.4,6.7,20,137,868,243,71,70
T6,R3,0-25cm,6.4,6.6,37,138,884,218,72,69
T6,R4,0-25cm,6.5,5.8,23,130,768,199,72,71
T6,R5,0-25cm,6.4,6.2,21,111,837,205,34,70
T6,R6,0-25cm,6.4,4.6,35,105,625,140,33,70
T8nt,R1,0-25cm,5,9.9,41,58,407,65,49,66
T8nt,R2,0-25cm,5,8.6,38,59,384,66,43,64
T8nt,R3,0-25cm,5.1,8.2,30,54,534,75,45,64
T8nt,R4,0-25cm,5.1,7.8,34,51,465,64,47,65
T1,R1,0-25cm,6.3,5.3,18,87,718,175,47,69
T1,R2,0-25cm,6.3,5.9,21,100,790,198,49,70
T1,R3,0-25cm,6.3,6.4,59,116,713,156,48,68
T1,R4,0-25cm,6.4,5.4,20,93,746,172,61,70
T1,R5,0-25cm,6.3,6.3,22,81,881,197,62,70
T1,R6,0-25cm,6.3,3.7,41,56,517,116,64,70
T2,R1,0-25cm,6.1,5.4,25,97,747,166,66,69
T2,R2,0-25cm,6.2,6.1,24,92,850,197,66,69
T2,R3,0-25cm,6,7.3,25,114,823,200,67,69
T2,R4,0-25cm,6,5.2,24,101,702,167,69,68
T2,R5,0-25cm,6.2,6.2,20,100,834,212,66,70
T2,R6,0-25cm,6.4,4.4,31,55,635,136,67,70
T3,R1,0-25cm,6.5,5.8,15,80,806,193,68,70
T3,R2,0-25cm,6.4,5,37,87,682,167,65,69
T3,R3,0-25cm,6.4,5.6,25,96,793,161,65,70
T3,R4,0-25cm,6.4,6.2,18,106,838,209,45,70
T3,R5,0-25cm,6.4,6.3,16,93,852,216,43,70
T3,R6,0-25cm,6.4,5.5,27,74,795,155,44,70
T4,R1,0-25cm,6.2,6.1,17,80,870,189,43,69
T4,R2,0-25cm,6.5,5.6,21,66,774,193,42,70
T4,R3,0-25cm,6.3,6.1,17,79,837,201,44,70
T4,R4,0-25cm,6.5,6.2,16,83,869,196,71,70
T4,R5,0-25cm,6.4,6.1,11,67,851,199,71,70
T4,R6,0-25cm,6.3,4.5,26,34,641,139,72,70
T5,R1,0-25cm,5.9,5.9,38,115,673,125,72,68
T5,R2,0-25cm,5.8,6.7,25,100,774,170,34,69
T5,R3,0-25cm,6.2,4.8,57,117,706,121,33,69
T5,R4,0-25cm,6.1,5.9,46,139,843,159,49,69
T5,R5,0-25cm,5.9,5.8,30,93,672,119,43,68
T5,R6,0-25cm,5.6,6.8,49,77,717,78,45,68
T6,R1,0-25cm,6.2,5.6,27,126,742,191,47,69
T6,R2,0-25cm,6.4,6.7,20,137,868,243,47,70
T6,R3,0-25cm,6.4,6.6,37,138,884,218,49,69
T6,R4,0-25cm,6.5,5.8,23,130,768,199,48,71
T6,R5,0-25cm,6.4,6.2,21,111,837,205,61,70
T6,R6,0-25cm,6.4,4.6,35,105,625,140,62,70
T8nt,R1,0-25cm,5,9.9,41,58,407,65,64,63
T8nt,R2,0-25cm,5,8.6,38,59,384,66,66,63
T8nt,R3,0-25cm,5.1,8.2,30,54,534,75,66,65
T8nt,R4,0-25cm,5.1,7.8,34,51,465,64,67,64
T1,R1,0-25cm,6.3,6.98,24,113,906,171,69,70
T1,R2,0-25cm,6.4,7.42,26,141,1087,218,66,69
T1,R3,0-25cm,6.5,4.86,63,169,1139,223,67,68
T1,R4,0-25cm,6.4,7.73,23,132,1197,218,68,70
T1,R5,0-25cm,6.3,8.71,26,102,999,200,65,70
T1,R6,0-25cm,6.3,8.85,46,84,843,164,65,70
T2,R1,0-25cm,6.1,8.37,31,130,1033,191,45,70
T2,R2,0-25cm,6.3,7.48,26,112,1138,210,43,69
T2,R3,0-25cm,6.2,6.54,34,144,1073,214,44,69
T2,R4,0-25cm,6,8.4,30,129,903,188,43,69
T2,R5,0-25cm,6.1,6.49,19,106,901,196,42,70
T2,R6,0-25cm,6.3,8.05,29,73,840,167,44,70
T3,R1,0-25cm,6.5,7.68,16,92,902,184,71,71
T3,R2,0-25cm,6.4,7.41,46,106,846,180,71,70
T3,R3,0-25cm,6.4,6.65,28,116,930,177,72,70
T3,R4,0-25cm,6.3,7.7,17,113,984,191,72,70
T3,R5,0-25cm,6.3,7.29,19,119,1029,204,34,70
T3,R6,0-25cm,6.3,7.84,28,89,970,168,33,70
T4,R1,0-25cm,6.2,7.55,19,113,1039,168,49,70
T4,R2,0-25cm,6.3,7.66,25,89,918,185,43,70
T4,R3,0-25cm,6.2,6.03,22,91,955,183,45,70
T4,R4,0-25cm,6.5,7.76,20,107,1084,181,47,70
T4,R5,0-25cm,6.2,8.53,14,88,1025,206,47,70
T4,R6,0-25cm,6.3,6.68,32,45,877,189,49,70
T5,R1,0-25cm,5.9,6.92,42,136,895,170,48,69
T5,R2,0-25cm,5.9,7.29,33,125,947,184,61,69
T5,R3,0-25cm,6,8.76,57,147,849,170,62,70
T5,R4,0-25cm,6.1,6.98,51,197,1118,203,64,70
T5,R5,0-25cm,5.8,7.42,34,134,881,182,66,69
T5,R6,0-25cm,5.7,4.86,52,103,955,142,66,68
T6,R1,0-25cm,6.2,7.73,29,91,937,215,67,69
T6,R2,0-25cm,6.4,8.71,20,95,883,242,69,70
T6,R3,0-25cm,6.3,8.85,39,112,986,242,66,69
T6,R4,0-25cm,6.5,8.37,22,95,852,232,67,71
T6,R5,0-25cm,6.3,7.48,22,76,788,211,68,70
T6,R6,0-25cm,6.5,6.54,33,74,692,197,65,70
T1,R1,0-25cm,6.1,8.4,22,122,756,163,65,66
T1,R2,0-25cm,6.3,6.49,28,131,833,169,45,64
T1,R3,0-25cm,6.2,8.05,71,190,899,171,43,64
T1,R4,0-25cm,6.2,7.68,28,144,805,150,44,65
T1,R5,0-25cm,6.2,7.41,31,103,900,165,43,69
T1,R6,0-25cm,6.3,6.65,51,89,684,131,42,70
T2,R1,0-25cm,6.1,7.7,38,166,880,171,44,68
T2,R2,0-25cm,6.2,7.29,27,140,926,199,71,70
T2,R3,0-25cm,6.1,7.84,34,154,853,177,71,70
T2,R4,0-25cm,5.9,7.55,31,140,759,157,72,70
T2,R5,0-25cm,5.9,7.66,22,126,796,174,72,69
T2,R6,0-25cm,6.2,6.03,36,75,690,130,34,69
T3,R1,0-25cm,6.4,7.76,19,121,879,181,33,69
T3,R2,0-25cm,6.2,8.53,51,156,795,167,49,68
T3,R3,0-25cm,6.3,6.68,34,156,911,180,43,70
T3,R4,0-25cm,6.3,6.92,20,137,854,192,45,70
T3,R5,0-25cm,6.2,7.29,19,138,902,205,47,70
T3,R6,0-25cm,6.2,8.76,34,97,780,158,47,69
T4,R1,0-25cm,6.2,6.98,19,107,940,197,49,70
T4,R2,0-25cm,6.3,7.42,27,81,784,182,48,70
T4,R3,0-25cm,6.2,4.86,21,96,860,191,61,70
T4,R4,0-25cm,6.2,7.73,22,78,701,148,62,70
T4,R5,0-25cm,6.2,8.71,13,69,832,183,64,69
T4,R6,0-25cm,6.3,8.85,32,37,696,146,66,70
T5,R1,0-25cm,5.9,8.37,44,126,778,146,66,70
T5,R2,0-25cm,5.8,7.48,31,119,817,166,67,70
T5,R3,0-25cm,6,6.54,63,136,746,126,69,70
T5,R4,0-25cm,6.1,8.4,62,153,806,147,66,70
T5,R5,0-25cm,5.8,6.49,27,99,788,145,67,68
T5,R6,0-25cm,5.7,8.05,52,87,840,94,68,69
T6,R1,0-25cm,6.1,7.68,37,118,799,193,65,69
T6,R2,0-25cm,6.2,7.41,21,89,867,223,65,69
T6,R3,0-25cm,6.1,6.65,44,106,880,210,45,68
T6,R4,0-25cm,6.3,7.7,31,105,886,206,43,68
T6,R5,0-25cm,6.1,7.29,25,81,865,200,44,69
T6,R6,0-25cm,6.3,7.84,37,71,672,144,43,70
T1,R1,0-25cm,5.7,7.55,25,89,569,108,42,69
T1,R2,0-25cm,5.9,7.66,29,121,745,148,44,71
T1,R3,0-25cm,5.9,6.03,72,149,832,137,19,70
T1,R4,0-25cm,5.7,7.76,31,130,848,146,29,70
T1,R5,0-25cm,6,8.53,23,100,949,173,16,63
T1,R6,0-25cm,6.1,6.68,46,66,634,103,46,63
T2,R1,0-25cm,6.1,6.9,33,113,799,152,28,65
T2,R2,0-25cm,6,7.2,24,88,795,155,17,64
T2,R3,0-25cm,5.9,8.7,34,110,788,147,19,69
T2,R4,0-25cm,5.9,6.3,30,106,722,141,28,69
T2,R5,0-25cm,5.8,5.8,21,91,642,136,19,69
T2,R6,0-25cm,6.2,4.4,37,74,633,124,25,70
T3,R1,0-25cm,5.9,5.1,19,85,720,148,22,70
T3,R2,0-25cm,5.8,6.7,49,96,627,105,20,68
T3,R3,0-25cm,6.1,5.5,34,121,779,153,14,70
T3,R4,0-25cm,5.9,5.4,23,127,754,151,32,70
T3,R5,0-25cm,5.8,6.9,20,114,815,165,42,69
T3,R6,0-25cm,6.1,5.5,33,93,816,137,33,70
T4,R1,0-25cm,6,4.8,18,74,683,146,57,70
T4,R2,0-25cm,5.8,7.4,23,75,741,132,51,68
T4,R3,0-25cm,5.9,7,18,93,862,154,34,69
T4,R4,0-25cm,5.9,5.6,22,104,844,135,52,70
T4,R5,0-25cm,5.8,7.7,14,88,968,169,29,69
T4,R6,0-25cm,6.2,6.2,35,48,767,123,20,69
T5,R1,0-25cm,6,7.3,48,136,904,144,39,69
T5,R2,0-25cm,5.8,7.1,34,115,834,169,22,69
T5,R3,0-25cm,6,4.5,55,97,644,125,22,70
T5,R4,0-25cm,6,6.1,56,145,925,128,33,70
T5,R5,0-25cm,5.7,7.7,31,107,816,109,22,68
T5,R6,0-25cm,5.7,7.4,59,86,832,75,28,68
T6,R1,0-25cm,5.8,6.9,31,68,837,161,19,69
T6,R2,0-25cm,6,6.1,19,65,840,203,29,70
T6,R3,0-25cm,6.1,6.6,35,70,963,191,16,70
T6,R4,0-25cm,6.1,5.7,23,61,819,178,46,70
T6,R5,0-25cm,5.8,5.9,22,56,882,166,28,70
T6,R6,0-25cm,6.4,5.6,39,45,827,156,17,71
T1,R1,0-25cm,5.8,5.8,27,101,678,115,19,69
T1,R2,0-25cm,5.8,6.6,28,116,773,145,28,69
T1,R3,0-25cm,5.7,9.1,76,154,785,136,19,67
T1,R4,0-25cm,5.8,6.8,30,127,812,149,25,69
T1,R5,0-25cm,5.9,7.1,26,93,871,162,22,69
T1,R6,0-25cm,6,4.5,48,84,655,127,20,70
T2,R1,0-25cm,6,7.7,31,124,949,174,14,69
T2,R2,0-25cm,5.9,7.1,29,100,857,167,32,69
T2,R3,0-25cm,5.8,9.5,32,134,830,163,42,67
T2,R4,0-25cm,5.6,8.4,31,121,842,174,33,68
T2,R5,0-25cm,5.7,8.3,19,109,833,173,57,68
T2,R6,0-25cm,6.1,6.5,34,81,761,154,51,69
T3,R1,0-25cm,5.9,6.7,16,106,777,163,34,69
T3,R2,0-25cm,5.8,7.2,45,108,684,137,52,68
T3,R3,0-25cm,6.1,7.2,33,131,859,160,29,69
T3,R4,0-25cm,5.9,7,19,134,808,168,20,69
T3,R5,0-25cm,5.8,8.1,20,115,809,166,39,68
T3,R6,0-25cm,6,7,34,99,867,149,22,69
T4,R1,0-25cm,5.9,6.5,19,93,799,132,22,69
T4,R2,0-25cm,5.7,7.2,25,81,704,124,33,68
T4,R3,0-25cm,5.7,7.6,20,88,770,133,22,68
T4,R4,0-25cm,5.9,6.7,21,91,811,146,28,69
T4,R5,0-25cm,5.8,7.2,13,84,880,161,19,69
T4,R6,0-25cm,6.1,6.1,34,41,739,136,29,69
T5,R1,0-25cm,6,6.9,43,144,806,153,16,69
T5,R2,0-25cm,6,7,37,134,837,150,46,69
T5,R3,0-25cm,6.2,8.8,50,163,1119,189,28,69
T5,R4,0-25cm,6.3,6.1,59,155,893,147,17,70
T5,R5,0-25cm,5.8,7.7,29,103,771,136,19,68
T5,R6,0-25cm,5.9,7.9,64,104,874,108,28,68
T6,R1,0-25cm,6,7.4,28,73,879,200,19,69
T6,R2,0-25cm,6.1,6.9,19,76,961,226,25,70
T6,R3,0-25cm,6,8.4,36,92,1014,232,22,69
T6,R4,0-25cm,6.3,6.7,23,73,930,218,20,70
T6,R5,0-25cm,6.2,7,19,69,991,227,14,70
T6,R6,0-25cm,6.7,5.6,34,42,772,201,32,71
T1,R1,0-25cm,5.9,5.9,22,95,697,121,42,69
T1,R2,0-25cm,6,6.9,25,121,824,150,33,69
T1,R3,0-25cm,5.9,9.4,66,147,849,141,57,67
T1,R4,0-25cm,5.9,6.6,28,113,798,134,51,69
T1,R5,0-25cm,6,7.2,27,93,899,155,34,69
T1,R6,0-25cm,6.1,5.4,42,65,615,116,52,69
T2,R1,0-25cm,6.2,7.1,30,105,869,151,29,69
T2,R2,0-25cm,6.1,7.5,27,104,921,167,20,69
T2,R3,0-25cm,5.8,8.3,33,114,857,155,39,68
T2,R4,0-25cm,5.8,7.8,31,114,787,140,22,68
T2,R5,0-25cm,5.9,8.2,20,100,857,154,22,68
T2,R6,0-25cm,6.2,6.6,36,78,808,144,33,69
T3,R1,0-25cm,6,7.5,17,105,928,172,22,69
T3,R2,0-25cm,5.9,6.5,46,99,771,138,28,69
T3,R3,0-25cm,6.2,7.6,34,115,958,163,19,69
T3,R4,0-25cm,6,7.2,19,111,884,160,29,69
T3,R5,0-25cm,5.9,8.3,19,99,863,160,16,68
T3,R6,0-25cm,6.1,7.4,36,96,933,149,46,69
T4,R1,0-25cm,5.9,7.9,22,94,1002,175,28,69
T4,R2,0-25cm,5.8,7.7,25,73,794,139,17,68
T4,R3,0-25cm,5.7,7.8,24,84,804,134,19,68
T4,R4,0-25cm,5.9,7.9,26,87,826,139,28,68
T4,R5,0-25cm,5.8,8.3,18,76,885,158,19,68
T4,R6,0-25cm,6.1,4.6,34,33,514,93,25,69
T5,R1,0-25cm,6.1,6.4,46,131,762,129,22,69
T5,R2,0-25cm,6,7.2,36,138,859,159,20,69
T5,R3,0-25cm,6.1,7.1,68,143,862,144,14,69
T5,R4,0-25cm,6.2,7.2,66,163,867,146,32,69
T5,R5,0-25cm,5.9,6.8,34,117,825,138,42,69
T5,R6,0-25cm,5.8,7.9,57,100,872,105,33,68
T6,R1,0-25cm,6.2,7.5,27,77,913,190,57,69
T6,R2,0-25cm,6.1,8.2,20,83,989,224,51,69
T6,R3,0-25cm,6.2,8.1,36,90,989,208,34,69
T6,R4,0-25cm,6.4,6.3,28,82,890,202,52,71
T6,R5,0-25cm,6.3,7.6,25,69,919,197,29,69
T6,R6,0-25cm,6.6,6,35,52,846,195,20,71
T7,R1,0-25cm,6,6.2,30,88,699,152,39,69
T7,R2,0-25cm,6,7.6,54,162,890,184,22,69
T7,R3,0-25cm,6,6.9,47,167,805,153,22,69
T7,R4,0-25cm,6.3,6.6,51,168,765,139,33,69
T7,R5,0-25cm,6.1,7.4,32,121,898,171,22,69
T7,R6,0-25cm,5.9,7.8,49,100,860,103,28,68
T8nt,R1,0-25cm,5.5,8.8,37,93,598,90,19,66
T8nt,R2,0-25cm,5.7,6.9,44,109,685,95,29,68
T8nt,R3,0-25cm,5.4,7.2,27,97,527,91,16,67
T8nt,R4,0-25cm,5.5,8.5,30,114,751,103,46,67
T1,R1,0-25cm,6.2,6.3,31,110,776,113,28,69
T1,R2,0-25cm,5.9,7.6,31,113,733,153,17,68
T1,R3,0-25cm,6,10.5,81,205,966,189,19,67
T1,R4,0-25cm,6,7.1,37,122,823,171,28,69
T1,R5,0-25cm,6,7.1,34,101,852,171,19,69
T1,R6,0-25cm,6.3,3.7,74,72,490,124,25,70
T2,R1,0-25cm,6.2,8.8,55,139,904,179,22,68
T2,R2,0-25cm,6,9.2,33,104,983,194,20,68
T2,R3,0-25cm,6.1,9.3,46,148,968,204,14,68
T2,R4,0-25cm,5.8,10.5,46,129,791,174,32,66
T2,R5,0-25cm,6.2,7.7,30,102,903,206,42,69
T2,R6,0-25cm,6.6,6.2,45,77,896,179,33,70
T3,R1,0-25cm,6.1,7.3,29,96,858,186,57,69
T3,R2,0-25cm,5.9,8.6,64,100,696,146,51,67
T3,R3,0-25cm,6.1,8.6,56,135,881,172,34,68
T3,R4,0-25cm,5.9,8.5,28,125,857,179,52,68
T3,R5,0-25cm,5.7,9.1,33,109,766,166,29,67
T3,R6,0-25cm,6.1,6.5,63,111,758,147,20,69
T4,R1,0-25cm,5.8,8.3,25,100,914,131,39,68
T4,R2,0-25cm,5.7,8.8,34,86,770,139,22,67
T4,R3,0-25cm,5.9,9.6,28,95,870,167,22,67
T4,R4,0-25cm,5.9,8.3,35,105,863,157,33,68
T4,R5,0-25cm,5.7,9.1,18,89,783,161,22,67
T4,R6,0-25cm,6,6.1,43,45,725,142,28,69
T5,R1,0-25cm,6.1,8.3,59,132,852,157,19,68
T5,R2,0-25cm,5.8,8.7,34,125,885,183,21,68
T5,R3,0-25cm,6.1,7.9,59,133,945,193,16,69
T5,R4,0-25cm,6.2,6.4,63,168,900,173,20,70
T5,R5,0-25cm,5.6,9.2,37,113,806,157,28,67
T5,R6,0-25cm,5.8,9.9,70,125,996,125,17,67
T6,R1,0-25cm,6.3,7.8,41,89,924,205,19,69
T6,R2,0-25cm,6.6,7.5,28,87,1010,263,28,70
T6,R3,0-25cm,6.5,7.2,46,95,979,248,19,70
T6,R4,0-25cm,6.7,6.5,31,80,853,241,25,70
T6,R5,0-25cm,6.4,8.4,33,75,995,241,22,69
T6,R6,0-25cm,6.8,5.9,49,55,800,210,20,70
T4,R2,0-25cm,5.9,6.3,24,81,736,141,14,69
T1,R1,0-25cm,6.1,5.7,28,94,644,120,32,68
T1,R2,0-25cm,6.1,6.9,29,123,800,162,42,70
T1,R3,0-25cm,6,8.5,69,169,878,108,33,70
T1,R4,0-25cm,6.1,6.6,29,115,761,155,57,70
T1,R5,0-25cm,6.1,6.4,32,84,746,154,51,70
T1,R6,0-25cm,6.5,3.9,47,59,554,115,34,69
T2,R1,0-25cm,6.3,7.3,36,124,857,183,52,69
T2,R2,0-25cm,6.2,7.1,31,101,824,128,29,69
T2,R3,0-25cm,6.2,7,38,126,807,171,20,70
T2,R4,0-25cm,6.1,6.6,36,151,718,165,39,70
T2,R5,0-25cm,6.2,6.9,22,101,796,173,22,71
T2,R6,0-25cm,6.5,5.3,36,74,764,157,22,70
T3,R1,0-25cm,6.3,6.8,18,88,788,171,33,70
T3,R2,0-25cm,5.9,6.1,51,101,694,137,22,70
T3,R3,0-25cm,6.4,5.7,34,108,810,160,28,70
T3,R4,0-25cm,6.2,7.1,20,120,827,173,19,70
T3,R5,0-25cm,6,6.9,18,104,785,176,28,70
T3,R6,0-25cm,6.3,6.8,34,81,831,145,19,70
T4,R1,0-25cm,6.1,7.2,18,86,905,149,25,70
T4,R3,0-25cm,5.9,7.3,21,99,882,171,22,70
T4,R4,0-25cm,6,7.2,22,110,873,168,20,70
T4,R5,0-25cm,5.9,7.1,14,78,870,167,14,70
T4,R6,0-25cm,6.3,6.3,35,35,758,145,32,69
T6,R1,0-25cm,6.3,7.8,35,83,903,225,42,69
T6,R2,0-25cm,6.4,7.1,21,89,954,256,33,70
T6,R3,0-25cm,6.5,7.2,36,90,984,247,57,70
T6,R4,0-25cm,6.5,6.7,21,91,897,232,51,69
T6,R5,0-25cm,6.6,7,20,71,945,246,34,68
T6,R6,0-25cm,6.8,5.8,35,57,793,207,52,69
T1,R1,0-25cm,6,6.1,23,96,1000,184,29,70
T1,R2,0-25cm,6.1,7.1,32,124,850,160,20,69
T1,R3,0-25cm,6,10.3,83,187,950,188,39,71
T1,R4,0-25cm,6.2,7.2,29,116,900,184,22,70
T1,R5,0-25cm,6.2,7.2,36,93,950,184,22,70
T1,R6,0-25cm,6.5,4.9,56,69,800,192,33,66
T2,R1,0-25cm,6.4,7.7,39,125,850,176,22,64
T2,R2,0-25cm,6.3,7.6,32,98,850,200,28,64
T2,R3,0-25cm,6,8.2,40,129,950,200,19,65
T2,R4,0-25cm,6,8.2,38,126,600,192,28,69
T2,R5,0-25cm,6.1,7,23,105,900,204,19,70
T2,R6,0-25cm,6.5,5.2,42,74,850,132,25,68
T3,R1,0-25cm,6.4,6.5,22,99,750,80,22,70
T3,R2,0-25cm,6.1,7.9,58,107,950,92,20,70
T3,R3,0-25cm,6.4,6.5,45,123,900,88,14,70
T3,R4,0-25cm,6.2,7.4,25,118,850,168,32,69
T3,R5,0-25cm,6,8.2,23,108,900,196,42,69
T3,R6,0-25cm,6.4,6.3,45,99,1095,184,33,69
T4,R1,0-25cm,6.1,8.7,24,104,850,180,57,68
T4,R2,0-25cm,5.8,7.6,32,78,950,152,51,70
T4,R3,0-25cm,5.8,9.2,24,101,1047,64,34,70
T4,R4,0-25cm,6.1,7.4,28,99,900,153,52,70
T4,R5,0-25cm,6,8.1,17,82,750,217,29,69
T4,R6,0-25cm,6.2,6.1,42,43,1000,176,20,70
T6,R1,0-25cm,6.3,7.7,33,80,1047,184,39,70
T6,R2,0-25cm,6.4,6.8,23,87,1095,148,22,70
T6,R3,0-25cm,6.6,7.1,37,92,950,84,22,70
T6,R4,0-25cm,6.6,6.5,27,84,950,172,33,69
T6,R5,0-25cm,6.5,6.3,25,69,800,191,22,70
T6,R6,0-25cm,6.8,5.7,40,50,730,198,28,70
T1,R1,0-25cm,5.9,6.6,27,101,950,183,19,70
T1,R2,0-25cm,6,7.3,29,120,1047,196,28,70
T1,R3,0-25cm,5.9,9.8,79,148,950,232,19,70
T1,R4,0-25cm,6.1,7.1,26,124,1000,184,25,68
T1,R5,0-25cm,6.1,7.5,27,87,650,188,22,69
T1,R6,0-25cm,6.3,5.6,52,72,800,192,20,69
T2,R1,0-25cm,6.1,7.4,33,122,1000,212,14,69
T2,R2,0-25cm,6.1,7.4,31,96,950,124,32,68
T2,R3,0-25cm,5.9,6.9,35,112,1000,112,42,68
T2,R4,0-25cm,5.8,8.3,31,190,850,206,33,69
T2,R5,0-25cm,6.2,7.5,21,94,1000,198,57,70
T2,R6,0-25cm,6.4,5.2,32,72,850,183,51,69
T3,R1,0-25cm,6.1,7.5,17,112,900,191,34,71
T3,R2,0-25cm,5.8,6.6,56,110,900,196,52,70
T3,R3,0-25cm,6.1,7.7,40,124,1000,212,29,70
T3,R4,0-25cm,6,7.5,24,111,650,196,20,63
T3,R5,0-25cm,5.8,7.5,22,112,850,200,39,63
T3,R6,0-25cm,6.1,7,37,96,1000,220,22,65
T4,R1,0-25cm,5.9,7.6,22,108,900,224,22,64
T4,R2,0-25cm,5.7,6.7,31,104,1000,92,33,70
T4,R3,0-25cm,5.8,7.2,23,94,900,116,22,69
T4,R4,0-25cm,6,7.7,27,108,950,217,28,68
T4,R5,0-25cm,5.8,7.1,16,76,850,221,19,70
T4,R6,0-25cm,6.1,6.4,43,45,1000,204,28,70
T6,R1,0-25cm,6.3,7.9,40,108,850,172,19,70
T6,R2,0-25cm,6.4,7,35,131,900,212,25,70
T6,R3,0-25cm,6.3,8.1,45,119,1000,286,22,69
T6,R4,0-25cm,6.5,6.7,30,103,950,212,20,69
T6,R5,0-25cm,6.4,7.1,30,110,850,220,14,69
T6,R6,0-25cm,6.8,5.8,42,73,900,228,32,70
T1,R1,0-25cm,6.3,6.1,21,92,950,240,42,70
T1,R2,0-25cm,6,8,26,125,900,112,33,71
T1,R3,0-25cm,6.2,11.7,67,192,950,119,57,70
T1,R4,0-25cm,6.3,7.7,24,117,950,210,51,70
T1,R5,0-25cm,6.3,8.8,24,108,800,220,34,70
T1,R6,0-25cm,6.5,5.3,53,75,631,200,52,70
T2,R1,0-25cm,6.7,9.3,38,150,737,204,29,70
T2,R2,0-25cm,6.4,9.7,20,125,842,196,20,70
T2,R3,0-25cm,6.3,9.6,34,150,789,108,39,70
T2,R4,0-25cm,6.1,9.1,38,150,842,184,22,70
T2,R5,0-25cm,7,10,20,125,473,160,22,70
T2,R6,0-25cm,6.8,8,30,75,800,188,33,70
T3,R1,0-25cm,6.4,7.8,16,83,850,184,22,70
T3,R2,0-25cm,6.4,6.5,52,92,750,184,28,69
T3,R3,0-25cm,6.4,8.5,43,133,850,192,19,69
T3,R4,0-25cm,6.2,7.8,18,125,700,176,28,70
T3,R5,0-25cm,5.9,9.1,18,125,850,200,19,70
T3,R6,0-25cm,6.5,7.8,43,117,700,200,25,69
T4,R1,0-25cm,6,8.5,26,125,650,192,22,68
T4,R2,0-25cm,5.7,8.2,27,108,500,204,20,69
T4,R3,0-25cm,6.1,9.1,22,177,650,132,14,70
T4,R4,0-25cm,6,8.8,34,133,750,80,32,69
T4,R5,0-25cm,5.7,9,13,134,700,92,42,71
T4,R6,0-25cm,6.2,6.9,35,58,789,88,33,70
T6,R1,0-25cm,6.5,8.7,29,100,631,168,57,70
T6,R2,0-25cm,6.8,9.2,19,92,947,196,51,66
T6,R3,0-25cm,6.7,9.2,30,100,737,184,34,64
T6,R4,0-25cm,6.9,9.4,28,117,842,180,52,64
T6,R5,0-25cm,6.8,9.8,19,83,842,152,29,65
T6,R6,0-25cm,6.9,8,30,67,1045,64,20,69
T1,R1,0-25cm,6.3,6.1,30,112,894,153,39,70
T1,R2,0-25cm,6.4,7.4,33,124,894,217,22,68
T1,R3,0-25cm,6.2,7.8,76,207,894,176,22,70
T1,R4,0-25cm,6.5,6.7,36,131,842,184,33,70
T1,R5,0-25cm,6.3,6.5,35,105,579,148,22,70
T1,R6,0-25cm,6.6,5,58,75,650,84,28,69
T2,R1,0-25cm,6.5,7.3,39,143,650,172,19,69
T2,R2,0-25cm,6.5,7.4,33,132,800,191,28,69
T2,R3,0-25cm,6.4,7.4,38,140,700,198,19,68
T2,R4,0-25cm,6.1,7.6,36,150,750,183,25,70
T2,R5,0-25cm,6.4,7,30,119,500,196,22,70
T2,R6,0-25cm,6.5,6.4,41,92,750,232,20,70
T3,R1,0-25cm,6.5,6.5,20,102,900,184,14,69
T3,R2,0-25cm,6.3,5.4,54,131,950,188,32,70
T3,R3,0-25cm,6.8,6.7,37,129,900,192,42,70
T3,R4,0-25cm,6.5,6.8,23,139,900,212,33,70
T3,R5,0-25cm,6.2,7.4,20,114,450,124,57,70
T3,R6,0-25cm,6.6,6.3,44,104,750,112,51,69
T4,R1,0-25cm,6.3,7.4,24,112,600,206,34,70
T4,R2,0-25cm,6.1,5.9,32,103,800,198,52,70
T4,R3,0-25cm,6.2,6.6,28,119,600,183,29,70
T4,R4,0-25cm,6.5,7,31,120,750,191,20,70
T4,R5,0-25cm,6.2,7.5,16,92,500,196,39,70
T4,R6,0-25cm,6.4,5.3,40,54,800,212,22,68
T6,R1,0-25cm,6.8,7.1,31,87,600,196,22,69
T6,R2,0-25cm,6.9,7.9,18,89,800,200,33,69
T6,R3,0-25cm,6.8,7.1,37,98,800,220,22,69
T6,R4,0-25cm,6.8,6.4,27,96,850,224,28,68
T6,R5,0-25cm,6.8,6.9,21,71,700,92,19,68
T6,R6,0-25cm,6.9,7.5,39,126,950,116,28,69
T1,R1,0-25cm,6,5.5,21,105,800,217,19,70
T1,R2,0-25cm,6.5,6.4,29,129,800,221,25,69
T1,R3,0-25cm,6.6,7.4,80,172,850,204,22,71
T1,R4,0-25cm,6.4,6.6,27,134,1000,172,20,70
T1,R5,0-25cm,6.4,6.9,24,95,850,212,14,70
T1,R6,0-25cm,6.5,4.8,55,69,950,286,32,63
T2,R1,0-25cm,6.6,7.1,34,134,900,212,42,63
T2,R2,0-25cm,6.8,7.8,27,115,950,220,33,65
T2,R3,0-25cm,6.2,7.2,30,153,800,228,57,64
T2,R4,0-25cm,6.5,7,34,157,850,240,51,70
T2,R5,0-25cm,6.3,7.2,19,115,850,112,34,69
T2,R6,0-25cm,6.7,6,35,95,950,119,52,68
T3,R1,0-25cm,6.7,6.7,16,105,600,210,29,70
T3,R2,0-25cm,6.5,6.1,57,129,900,220,20,70
T3,R3,0-25cm,6.9,7.6,36,134,850,200,39,70
T3,R4,0-25cm,6.6,6.9,20,134,750,204,22,70
T3,R5,0-25cm,6.4,6.6,19,124,950,196,22,69
T3,R6,0-25cm,6.6,6.2,44,105,900,108,33,69
T4,R1,0-25cm,6.6,7.3,23,115,850,184,22,69
T4,R2,0-25cm,6.3,6,28,105,900,160,28,70
T4,R3,0-25cm,6.4,7,26,115,1095,188,19,70
T4,R4,0-25cm,6.4,7.3,27,129,850,184,28,71
T4,R5,0-25cm,6.4,6.7,14,100,950,184,19,70
T4,R6,0-25cm,6.5,6,46,58,1047,192,25,70
T6,R1,0-25cm,6.9,7.6,30,100,900,176,22,70
T6,R2,0-25cm,7.1,8.3,18,105,750,200,20,70
T6,R3,0-25cm,7,8.5,36,110,1000,200,14,70
T6,R4,0-25cm,7.1,8,23,100,1047,192,32,70
T6,R5,0-25cm,6.9,7.9,20,90,1095,204,42,70
T6,R6,0-25cm,7.1,6.6,36,63,950,132,33,70
T1,R1,0-25cm,6.5,5.9,25,84,950,80,57,70
T1,R2,0-25cm,6.6,6.3,28,105,800,92,51,70
T1,R3,0-25cm,6.5,6.3,80,135,730,88,34,70
T1,R4,0-25cm,6.6,6.2,28,105,950,168,52,69
T1,R5,0-25cm,6.6,6.4,30,72,1047,196,29,69
T1,R6,0-25cm,6.6,4.2,58,50,950,184,20,70
T2,R1,0-25cm,6.6,6.5,40,105,1000,180,39,70
T2,R2,0-25cm,6.6,5.8,29,67,650,152,22,69
T2,R3,0-25cm,6.4,6,34,120,800,64,22,68
T2,R4,0-25cm,6.4,6,35,110,1000,153,33,69
T2,R5,0-25cm,6.6,6.3,22,84,950,217,22,70
T2,R6,0-25cm,6.5,5.2,40,56,1000,176,28,69
T3,R1,0-25cm,6.5,6.4,27,84,850,184,19,71
T3,R2,0-25cm,6.3,5,62,84,1000,148,28,70
T3,R3,0-25cm,5.9,6.5,47,110,850,84,19,70
T3,R4,0-25cm,6.5,6,25,100,900,172,25,66
T3,R5,0-25cm,6.3,5.7,19,84,900,191,22,64
T3,R6,0-25cm,6.4,5.3,42,67,1000,198,20,64
T4,R1,0-25cm,6.3,6.4,22,100,650,183,14,65
T4,R2,0-25cm,6.1,5.8,28,95,850,196,32,69
T4,R3,0-25cm,6.1,6.5,25,110,1000,232,42,70
T4,R4,0-25cm,6.1,6.4,28,95,900,184,33,68
T4,R5,0-25cm,6.4,6.2,16,78,1000,188,57,70
T4,R6,0-25cm,6.1,4.9,43,39,900,192,51,70
T6,R1,0-25cm,5.9,6.4,37,110,950,212,34,70
T6,R2,0-25cm,6.8,6.8,20,105,850,124,52,69
T6,R3,0-25cm,6.8,8.4,40,135,1000,112,29,69
T6,R4,0-25cm,6.8,6.6,26,105,850,206,20,69
T6,R5,0-25cm,6.7,6.7,20,100,900,198,39,68
T6,R6,0-25cm,6.7,5,35,67,1000,183,22,70
T1,R1,0-25cm,6.6,6.2,24,95,950,191,22,70
T1,R2,0-25cm,6.6,6.4,28,127,850,196,33,70
T1,R3,0-25cm,6.3,6.3,71,158,900,212,22,69
T1,R4,0-25cm,6.6,6.3,28,127,950,196,28,70
T1,R5,0-25cm,6.6,6.2,25,85,900,200,19,70
T1,R6,0-25cm,6.2,4.2,53,60,950,220,28,70
T2,R1,0-25cm,6.5,6.5,33,127,950,224,19,70
T2,R2,0-25cm,6.7,6.5,30,90,800,92,25,69
T2,R3,0-25cm,6.4,6.8,36,158,631,116,22,70
T2,R4,0-25cm,6.2,6.2,33,137,737,217,20,70
T2,R5,0-25cm,6.3,6,18,106,842,221,14,70
T2,R6,0-25cm,6.3,5.4,31,70,789,204,32,70
T3,R1,0-25cm,6.6,6.6,21,106,842,172,42,70
T3,R2,0-25cm,6.5,5.5,55,111,473,212,33,68
T3,R3,0-25cm,6.9,6.6,43,127,800,286,57,69
T3,R4,0-25cm,6.5,6.8,24,137,850,212,51,69
T3,R5,0-25cm,6.3,6.1,21,111,750,220,34,69
T3,R6,0-25cm,6.2,5.3,39,85,850,228,52,68
T4,R1,0-25cm,6.3,6.5,23,105,700,240,29,68
T4,R2,0-25cm,6.2,5.5,32,85,850,112,20,69
T4,R3,0-25cm,6,6.7,26,105,700,119,39,70
T4,R4,0-25cm,6.5,6.5,30,120,650,210,22,69
T4,R5,0-25cm,6.1,6.1,17,90,500,220,22,71
T4,R6,0-25cm,6.1,4.4,41,40,650,200,33,70
T6,R1,0-25cm,6.6,5.9,32,120,750,204,22,70
T6,R2,0-25cm,6.7,6.4,22,105,700,196,28,63
T6,R3,0-25cm,6.7,6.4,35,135,789,108,19,63
T6,R4,0-25cm,6.8,6.4,27,130,631,107,28,65
T6,R5,0-25cm,6.7,6.5,20,110,947,201,19,64
T6,R6,0-25cm,6.6,4.5,37,85,737,209,25,70
T1,R1,0-25cm,6.2,5.1,29,95,842,158,22,69
T1,R2,0-25cm,6.3,6.1,30,115,842,191,20,68
T1,R3,0-25cm,6.1,8,80,165,1045,200,14,70
T1,R4,0-25cm,6.5,6.5,32,125,894,200,32,70
T1,R5,0-25cm,6.4,6.6,30,85,894,196,42,70
T1,R6,0-25cm,6,4.8,56,75,894,133,33,70
T2,R1,0-5cm,6.2,6.3,49,200,842,187,57,69
T2,R1,5-25cm,6.5,7,30,115,579,200,51,69
T2,R2,0-5cm,6,6.1,34,125,650,187,34,69
T2,R2,5-25cm,6.6,6.6,26,85,650,200,52,70
T2,R3,0-5cm,6.1,6.8,58,230,800,205,29,70
T2,R3,5-25cm,6.3,6.9,33,120,700,216,20,71
T2,R4,0-5cm,6,7.2,46,195,750,183,39,70
T2,R4,5-25cm,6.3,6.2,33,120,500,196,22,70
T2,R5,0-5cm,6.4,6.4,49,155,750,205,22,70
T2,R5,5-25cm,6.4,6.8,23,90,900,216,33,70
T2,R6,0-5cm,5.5,5.7,45,95,950,150,22,70
T2,R6,5-25cm,6,5.9,42,85,900,137,28,70
T3,R1,0-25cm,6.5,6.1,28,90,900,191,19,70
T3,R2,0-25cm,6,5.5,71,115,450,171,28,70
T3,R3,0-25cm,6.7,7,49,140,750,221,19,70
T3,R4,0-25cm,6.3,6.8,27,140,600,231,25,70
T3,R5,0-25cm,6.1,6.4,25,120,800,216,22,70
T3,R6,0-25cm,5.8,5.7,44,100,600,113,20,69
T4,R1,0-25cm,6.3,7.6,26,125,750,221,14,69
T4,R2,0-25cm,6.1,6.2,38,110,500,195,32,70
T4,R3,0-25cm,6.2,7,31,125,800,226,42,70
T4,R4,0-25cm,6.3,7.4,34,135,600,221,33,69
T4,R5,0-25cm,6.2,6.7,20,105,800,226,57,68
T4,R6,0-25cm,5.8,4.9,46,61,800,117,51,69
T6,R1,0-25cm,6.3,7.1,34,130,850,216,34,70
T6,R2,0-25cm,6.5,7.6,23,140,700,242,52,69
T6,R3,0-25cm,6.5,8,44,185,950,247,29,71
T6,R4,0-25cm,6.6,7,28,150,800,221,20,70
T6,R5,0-25cm,6.3,6.7,21,120,800,200,39,70
T6,R6,0-25cm,6.1,5.6,36,105,850,161,22,66
T1,R1,0-25cm,6,5.1,27,94,730,131,22,64
T1,R2,0-25cm,6.3,6.6,32,135,950,179,33,64
T1,R3,0-25cm,6.2,8.5,83,175,1047,189,22,65
T1,R4,0-25cm,6.3,6.4,29,120,950,163,28,69
T1,R5,0-25cm,6.3,6.8,32,115,1000,184,19,70
T1,R6,0-25cm,5.8,5.3,57,68,650,81,28,68
T2,R1,0-5cm,5.9,6.9,51,175,800,152,19,70
T2,R1,5-25cm,6.3,6.8,39,120,1000,179,25,70
T2,R2,0-5cm,6.1,6.6,42,135,950,184,22,70
T2,R2,5-25cm,6.6,6.7,32,89,1000,179,20,69
T2,R3,0-5cm,5.7,8.5,47,190,850,158,14,69
T2,R3,5-25cm,6.1,6.9,37,130,1000,189,32,69
T2,R4,0-5cm,6,7.3,45,180,850,168,42,68
T2,R4,5-25cm,6.2,6.3,36,125,900,179,33,70
T2,R5,0-5cm,6,6.4,31,165,900,179,57,70
T2,R5,5-25cm,6.1,6.9,24,105,1000,200,51,70
T2,R6,0-5cm,5.5,6.8,48,110,650,100,34,69
T2,R6,5-25cm,6.1,5.1,41,63,850,81,52,70
T3,R1,0-25cm,6.4,7,22,130,1000,194,29,70
T3,R2,0-25cm,6.4,6.3,60,125,900,173,20,70
T3,R3,0-25cm,6.7,6.8,45,130,1000,173,39,70
T3,R4,0-25cm,6.3,6.4,27,135,900,184,22,69
T3,R5,0-25cm,6.1,6.7,22,125,950,200,22,70
T3,R6,0-25cm,5.7,7.4,46,89,850,62,33,70
T4,R1,0-25cm,6.4,6.9,32,125,1000,194,22,70
T4,R2,0-25cm,6.5,6.1,42,100,850,189,28,70
T4,R3,0-25cm,6.3,6.3,34,110,900,184,19,70
T4,R4,0-25cm,6.6,7,39,115,1000,200,28,68
T4,R5,0-25cm,6.3,6.7,20,89,950,205,19,69
T4,R6,0-25cm,6,6.6,45,52,850,121,25,69
T6,R1,0-25cm,6,7.4,31,84,900,184,22,69
T6,R2,0-25cm,6.3,6.8,23,94,950,219,20,68
T6,R3,0-25cm,6.3,6.4,40,100,900,194,14,68
T6,R4,0-25cm,6.4,6.7,28,89,950,205,32,69
T6,R5,0-25cm,6.4,6.7,19,79,950,205,42,70
T6,R6,0-25cm,5.9,7.6,42,63,800,126,33,69
T1,R1,0-25cm,6.1,4.5,27,105,631,133,57,71
T1,R2,0-25cm,6.2,5.4,33,124,737,171,51,70
T1,R3,0-25cm,6.1,7.2,87,162,842,166,34,70
T1,R4,0-25cm,6.3,5.6,30,133,789,157,52,63
T1,R5,0-25cm,6.1,5.9,33,100,842,166,29,63
T1,R6,0-25cm,5.8,3.3,62,73,473,90,20,65
T2,R1,0-5cm,5.9,7,45,210,800,155,39,64
T2,R1,5-25cm,6.3,6,34,114,850,175,22,70
T2,R2,0-5cm,5.9,6.7,41,181,750,160,22,69
T2,R2,5-25cm,6.3,6,30,100,850,185,33,68
T2,R3,0-5cm,5.7,6.5,45,181,700,160,22,70
T2,R3,5-25cm,6.2,6.3,42,133,850,200,28,70
T2,R4,0-5cm,5.7,6.5,43,215,700,150,19,70
T2,R4,5-25cm,6,5,39,119,650,170,28,70
T2,R6,0-5cm,5.5,6.2,53,133,500,110,19,69
T2,R6,5-25cm,6,4.2,37,63,650,100,25,69
T21,R5,0-5cm,6.1,5.7,30,181,750,180,22,69
T21,R5,5-25cm,6.2,5.2,19,94,700,175,20,70
T3,R1,0-25cm,6.3,5.6,26,109,789,162,14,70
T3,R2,0-25cm,6.2,4.8,64,119,631,157,32,71
T3,R3,0-25cm,6.5,6.6,52,147,947,181,42,70
T3,R4,0-25cm,6.2,5.6,30,143,737,181,33,70
T3,R5,0-25cm,6,6.3,27,143,842,205,57,70
T3,R6,0-25cm,5.7,6.2,47,109,842,65,51,70
T4,R1,0-25cm,6.4,7.2,29,119,1045,205,34,70
T4,R2,0-25cm,6.3,6.5,42,119,894,205,52,70
T4,R3,0-25cm,6.2,6.5,31,124,894,209,29,70
T4,R4,0-25cm,6.5,6.4,37,124,894,190,20,70
T4,R5,0-25cm,6.2,6.1,20,94,842,195,39,70
T4,R6,0-25cm,5.9,4,50,47,579,119,22,70
T6,R1,0-25cm,5.9,4.9,32,105,650,170,22,70
T6,R2,0-25cm,5.9,5.1,21,124,650,180,33,69
T6,R3,0-25cm,6.1,5.9,36,119,800,190,22,69
T6,R4,0-25cm,6.2,5.3,26,105,700,180,28,70
T6,R5,0-25cm,6,5.4,21,89,750,165,19,70
T6,R6,0-25cm,5.9,3.6,41,79,500,105,28,69
T1,R1,0-25cm,6.2,5.3,23,80,750,157,19,68
T1,R2,0-25cm,6.2,6.5,27,116,900,200,25,69
T1,R3,0-25cm,6.3,6.7,65,148,950,185,22,70
T1,R4,0-25cm,6.2,6.3,29,132,900,171,20,69
T1,R5,0-25cm,6.3,6,23,75,900,162,14,71
T1,R6,0-25cm,5.7,2.8,45,50,450,55,32,70
T2,R1,0-25cm,5.8,6.6,41,179,750,138,42,70
T2,R2,0-25cm,5.6,5.6,28,126,600,128,33,66
T2,R3,0-25cm,5.7,7,38,179,800,157,57,64
T2,R4,0-25cm,5.9,4.5,37,158,600,128,51,64
T2,R5,0-25cm,5.8,5.4,23,163,750,147,34,65
T2,R6,0-25cm,5.5,4.6,34,126,500,75,52,69
T3,R1,0-25cm,6.5,5.6,18,80,800,162,29,70
T3,R2,0-25cm,6.5,4.4,46,80,600,138,20,68
T3,R3,0-25cm,6.7,5.6,36,90,800,162,39,70
T3,R4,0-25cm,6.3,5.7,25,105,800,176,22,70
T3,R5,0-25cm,6.2,6.1,20,100,850,185,22,70
T3,R6,0-25cm,5.9,4.3,43,75,700,75,33,69
T4,R1,0-25cm,6.6,6.6,27,100,950,190,22,69
T4,R2,0-25cm,6.5,5.8,33,80,800,185,28,69
T4,R3,0-25cm,6.4,5.7,30,90,800,171,19,68
T4,R4,0-25cm,6.7,6,34,100,850,181,28,70
T4,R5,0-25cm,6.3,6,21,75,850,190,19,70
T4,R6,0-25cm,6.1,3.9,41,45,600,90,25,70
T6,R1,0-25cm,6.2,6,33,75,850,190,22,69
T6,R2,0-25cm,6.2,6.3,22,75,900,190,20,70
T6,R3,0-25cm,6.3,5.9,39,75,850,176,14,70
T6,R4,0-25cm,6.4,5.6,27,70,800,171,32,70
T6,R5,0-25cm,6.2,5.7,20,65,850,152,42,70
T6,R6,0-25cm,6,3.9,32,45,600,90,33,69
T1,R1,0-25cm,6.4,5.1,31,71,800,116,57,70
T1,R2,0-25cm,6.4,5.8,34,93,842,160,51,70
T1,R3,0-25cm,6.4,9.8,75,180,1263,222,34,70
T1,R4,0-25cm,6.6,6.8,27,97,969,204,52,70
T1,R5,0-25cm,6.2,6,31,84,884,168,29,70
T1,R6,0-25cm,5.9,3.3,62,58,520,65,20,68
T2,R1,0-5cm,6.5,6.8,12,118,1011,168,39,69
T2,R2,0-5cm,6.5,6.9,33,110,1011,186,22,69
T2,R3,0-5cm,6.4,7.5,37,122,1095,200,22,69
T2,R4,0-5cm,6,8.7,41,110,884,189,33,68
T2,R5,0-5cm,6.8,8.9,70,84,1053,197,22,68
T2,R6,0-5cm,6,6.2,38,49,842,75,28,69
T3,R1,0-25cm,6.4,5.6,35,76,842,148,19,70
T3,R2,0-25cm,6.3,5.3,73,97,760,152,28,69
T3,R3,0-25cm,6.6,6.9,52,118,1011,186,19,71
T3,R4,0-25cm,6.5,7.2,24,106,1053,200,25,70
T3,R5,0-25cm,6.1,6.8,25,93,969,204,22,70
T3,R6,0-25cm,5.8,5.6,57,76,720,70,20,63
T4,R1,0-25cm,6.4,7.2,36,135,1053,193,14,63
T4,R2,0-25cm,6.2,6.5,41,114,927,186,32,65
T4,R3,0-25cm,6.3,7.3,38,118,1053,208,42,64
T4,R4,0-25cm,6.6,7.3,47,114,1053,208,33,70
T4,R5,0-25cm,6.4,6.7,20,80,969,204,57,69
T4,R6,0-25cm,6,3.8,44,40,632,71,51,68
T5,R1,0-25cm,6.4,5.4,41,127,716,112,34,70
T5,R2,0-25cm,6.3,5.5,24,110,800,172,52,70
T5,R3,0-25cm,6.8,5.9,46,106,927,172,29,70
T5,R4,0-25cm,6.8,5.8,55,139,758,152,20,70
T5,R5,0-25cm,6.3,5.5,25,93,716,144,39,69
T5,R6,0-25cm,5.9,3.9,49,76,842,92,22,69
T6,R1,0-25cm,6.3,5.4,33,58,800,152,22,69
T6,R2,0-25cm,5.9,5.5,20,67,800,164,33,70
T6,R3,0-25cm,6.6,5.9,33,54,884,164,22,70
T6,R4,0-25cm,6.3,5.8,27,58,842,168,28,71
T6,R5,0-25cm,6.1,5.5,16,49,842,140,19,70
T6,R6,0-25cm,6,3.9,31,31,590,100,28,70
T7,R1,0-25cm,6.4,8.7,34,80,632,128,19,70
T7,R2,0-25cm,6.2,8.9,54,127,800,152,25,70
T7,R3,0-25cm,6.5,6.2,44,97,800,152,22,70
T7,R4,0-25cm,6.6,5.6,64,127,758,108,20,70
T7,R5,0-25cm,6.2,5.3,40,89,716,144,14,70
T7,R6,0-25cm,6.1,6.9,43,71,800,92,32,70
T8nt,R1,0-25cm,5.4,7.2,31,89,590,88,42,70
T8nt,R2,0-25cm,5.8,6.8,25,101,716,84,33,70
T8nt,R3,0-25cm,5.5,5.6,23,76,590,84,57,70
T8nt,R4,0-25cm,5.9,7.2,22,71,716,88,51,69
TCF,R1,0-25cm,4.4,6.5,97,28,295,10,34,69
TCF,R2,0-25cm,4.8,7.3,52,38,295,15,52,70
TCF,R3,0-25cm,5.3,7.3,18,33,674,35,29,70
TDF,R1,0-25cm,5.1,6.7,45,38,379,45,20,69
TDF,R2,0-25cm,5,3.8,91,38,421,50,39,68
TDF,R3,0-25cm,5.3,5.4,44,66,548,65,22,69
TSF,R1,0-25cm,5.3,5.5,73,43,379,35,22,70
TSF,R2,0-25cm,4.8,5.9,10,38,295,25,33,69
TSF,R3,0-25cm,5.1,5.8,14,38,337,25,22,71
T1,R1,0-25cm,6.6,5.5,23,89,800,140,28,70
T1,R2,0-25cm,6.6,3.9,33,120,915,196,19,70
T1,R3,0-25cm,6.4,5.4,78,173,991,204,28,66
T1,R4,0-25cm,6.9,5.5,33,120,991,204,19,64
T1,R5,0-25cm,6.8,5.9,30,62,915,196,25,64
T1,R6,0-25cm,6,5.8,52,54,686,108,22,65
T2,R1,0-25cm,6.9,5.5,34,89,953,184,20,69
T2,R1,0-25cm,6.3,3.9,39,186,838,172,14,70
T2,R2,0-25cm,6.9,6.7,35,80,953,204,32,68
T2,R2,0-25cm,6.5,6.4,31,142,876,200,42,70
T2,R3,0-25cm,6.1,6.8,41,244,915,192,33,70
T2,R3,0-25cm,6.3,6.5,40,125,915,192,57,70
T2,R4,0-25cm,6.3,6.8,39,215,915,196,51,69
T2,R4,0-25cm,6.8,6.7,35,89,953,204,34,69
T2,R5,0-25cm,6.3,6.4,22,76,915,196,52,69
T2,R5,0-25cm,6.4,6,24,102,838,188,29,68
T2,R6,0-25cm,6.4,5.3,40,40,876,104,20,70
T2,R6,0-25cm,6,4.7,38,80,724,104,39,70
T3,R1,0-25cm,6.8,6.2,25,102,876,184,22,70
T3,R2,0-25cm,6.7,6.1,64,120,838,192,22,69
T3,R3,0-25cm,6.9,6.9,48,142,991,192,33,70
T3,R4,0-25cm,6.7,6.2,28,132,884,174,22,70
T3,R5,0-25cm,6.5,6.5,23,116,884,214,28,70
T3,R6,0-25cm,6.1,5,49,92,800,88,19,70
T4,R1,0-25cm,6.6,6.5,31,108,927,191,28,69
T4,R2,0-25cm,6.6,5.7,41,100,764,191,19,70
T4,R3,0-25cm,6.3,6.3,35,124,884,191,25,70
T4,R4,0-25cm,7,6.9,40,124,969,205,22,70
T4,R5,0-25cm,6.6,6.7,25,104,927,222,20,70
T4,R6,0-25cm,6.2,4.7,44,49,728,108,14,70
T6,R1,0-25cm,6.3,6.3,40,144,884,182,32,68
T6,R2,0-25cm,6.4,6.1,30,112,842,196,42,69
T6,R3,0-25cm,6.3,7.4,48,110,969,200,33,69
T6,R4,0-25cm,6.5,5.7,36,116,800,174,57,69
T6,R5,0-25cm,6.2,6,26,80,884,169,51,68
T6,R6,0-25cm,5.8,5.8,41,62,691,116,34,68
T1,R1,0-25cm,6.5,7,33,101,728,120,52,69
T1,R2,0-25cm,6.5,6.4,39,127,728,164,29,70
T1,R3,0-25cm,6.4,4.5,97,177,915,172,20,69
T1,R4,0-25cm,6.8,6.5,43,122,876,164,39,71
T1,R5,0-25cm,6.6,6.1,37,80,838,168,22,70
T1,R6,0-25cm,6.1,6.7,77,67,655,56,22,70
T2,R1,0-5cm,6.3,6.4,53,181,838,152,33,63
T2,R1,5-25cm,6.7,6.8,43,106,876,172,22,63
T2,R2,0-5cm,6.5,6.5,42,135,838,180,28,65
T2,R2,5-25cm,6.8,6.8,44,80,915,180,19,64
T2,R3,0-5cm,6.2,6.7,46,207,838,172,28,70
T2,R3,5-25cm,6.4,6.4,49,118,838,172,19,69
T2,R4,0-5cm,6.1,6,47,177,800,164,25,68
T2,R4,5-25cm,6.2,5.3,47,110,764,164,22,70
T2,R5,0-5cm,6.1,4.7,27,152,800,156,20,70
T2,R5,5-25cm,6.5,6.2,27,80,915,168,14,70
T2,R6,0-5cm,5.8,6.1,43,122,691,92,32,70
T2,R6,5-25cm,6.3,6.9,42,58,838,80,42,69
T3,R1,0-5cm,6.4,6.2,52,248,915,160,33,69
T3,R1,0-5cm,6.4,6.5,33,177,838,160,57,69
T3,R1,5-25cm,6.8,5,23,110,1067,180,51,70
T3,R1,5-25cm,6.7,6.5,32,80,876,172,34,70
T3,R2,0-5cm,6.4,5.7,94,252,800,164,52,71
T3,R2,0-5cm,6.3,6.3,89,198,728,164,29,70
T3,R2,5-25cm,6.6,6.9,80,80,728,168,20,70
T3,R2,5-25cm,6.6,6.7,77,89,728,144,39,70
T3,R3,0-5cm,6.7,4.7,77,232,915,168,22,70
T3,R3,0-5cm,6.6,6.3,80,240,838,156,22,70
T3,R3,5-25cm,7,6.1,58,127,953,160,33,70
T3,R3,5-25cm,6.9,7.4,63,114,991,180,22,70
T3,R4,0-5cm,6.4,5.7,43,272,800,168,28,70
T3,R4,0-5cm,6.5,6,40,223,876,184,19,70
T3,R4,5-25cm,6.7,5.8,35,101,915,188,28,70
T3,R4,5-25cm,6.4,6.9,31,118,953,188,19,70
T3,R5,0-5cm,6.3,6.2,30,148,838,184,25,69
T3,R5,0-5cm,6.1,6.5,30,190,876,188,22,69
T3,R5,5-25cm,6.3,5,28,97,838,200,20,70
T3,R5,5-25cm,6.2,6.5,29,101,876,192,14,70
T3,R6,0-5cm,6,5.7,55,122,764,76,32,69
T3,R6,0-5cm,6,6.3,68,173,800,76,42,68
T3,R6,5-25cm,6.1,6.9,63,89,800,56,33,69
T3,R6,5-25cm,6.1,6.7,57,93,927,72,57,70
T4,R1,0-5cm,6.6,4.7,63,228,969,180,51,69
T4,R1,0-5cm,6.6,6.3,43,192,1011,204,34,71
T4,R1,5-25cm,6.8,6.1,37,93,927,204,52,70
T4,R1,5-25cm,6.8,7.4,29,89,969,180,29,70
T4,R2,0-5cm,6.7,5.7,74,249,927,200,20,66
T4,R2,0-5cm,6.6,6,63,156,800,180,39,64
T4,R2,5-25cm,6.6,5.8,40,89,842,176,22,64
T4,R2,5-25cm,6.7,6.9,50,84,800,200,22,65
T4,R3,0-5cm,6.3,6.2,50,192,842,176,33,69
T4,R3,0-5cm,6.5,6.5,58,257,927,184,22,70
T4,R3,5-25cm,6.4,5,40,101,800,160,28,68
T4,R3,5-25cm,6.5,6.5,42,118,927,188,19,70
T4,R4,0-5cm,6.6,5.7,58,184,884,184,28,70
T4,R4,0-5cm,6.8,6.3,65,236,969,184,19,70
T4,R4,5-25cm,6.8,6.9,47,101,927,192,25,69
T4,R4,5-25cm,6.7,6.7,39,122,1011,176,22,69
T4,R5,0-5cm,6.4,4.7,37,196,927,200,20,69
T4,R5,0-5cm,6.3,6.3,30,143,927,200,14,68
T4,R5,5-25cm,6.1,6.1,30,89,927,192,32,70
T4,R5,5-25cm,6.5,7.4,27,84,969,204,42,70
T4,R6,0-5cm,6.1,5.7,87,118,762,132,33,70
T4,R6,0-5cm,6.1,6,71,97,648,80,57,69
T4,R6,5-25cm,6.4,5.8,58,40,762,92,51,70
T4,R6,5-25cm,6.3,6.9,55,49,724,88,34,70
T6,R1,0-25cm,6.3,6.2,50,118,876,168,52,70
T6,R2,0-25cm,6.4,6.5,33,101,876,196,29,70
T6,R3,0-25cm,6.3,5,60,131,991,184,20,69
T6,R4,0-25cm,6.5,6.5,42,122,838,180,39,70
T6,R5,0-25cm,6.1,5.7,29,84,876,152,22,70
T6,R6,0-25cm,5.9,6.3,57,58,618,64,22,70
T1,R1,0-25cm,6.8,6.9,34,97,762,153,33,70
T1,R2,0-25cm,6.6,6.7,40,118,876,217,22,70
T1,R3,0-25cm,6.6,4.7,100,173,842,176,28,68
T1,R4,0-25cm,6.8,6.3,43,120,842,184,19,69
T1,R5,0-25cm,6.8,6.1,39,76,764,148,28,69
T1,R6,0-25cm,6,7.4,78,54,546,84,19,69
T2,R1,0-5cm,6,5.7,59,173,800,172,25,68
T2,R1,5-25cm,6.7,6,48,101,915,191,22,68
T2,R2,0-5cm,6.2,5.8,48,122,800,198,20,69
T2,R2,5-25cm,6.8,6.9,44,71,838,183,14,70
T2,R3,0-5cm,6.1,6.2,60,173,800,196,32,69
T2,R3,5-25cm,6.6,6.5,59,129,927,232,42,71
T2,R4,0-5cm,6,5,51,164,760,184,33,70
T2,R4,5-25cm,6.3,6.5,51,111,760,188,57,70
T2,R5,0-5cm,6.3,5.7,30,135,764,192,51,63
T2,R5,5-25cm,6.7,6.3,31,80,880,212,34,63
T2,R6,0-5cm,5.8,6.9,51,80,655,124,52,65
T2,R6,5-25cm,6.4,6.7,51,49,800,112,29,64
T3,R1,0-25cm,7,4.7,31,84,876,206,20,69
T3,R1,0-5cm,6.3,6.3,48,215,800,198,39,68
T3,R2,0-25cm,6.7,6.1,75,97,724,183,22,70
T3,R2,0-5cm,6.3,7.4,104,211,762,191,22,70
T3,R3,0-25cm,7,5.7,69,116,885,196,33,70
T3,R3,0-5cm,6.5,6,84,223,884,212,22,69
T3,R4,0-25cm,6.7,5.8,36,116,847,196,28,70
T3,R4,0-5cm,6.4,6.9,49,223,842,200,19,70
T3,R5,0-25cm,6.4,6.2,30,97,840,220,28,70
T3,R5,0-5cm,6.2,6.5,39,224,880,224,19,70
T3,R6,0-25cm,5.9,5,55,62,764,92,25,69
T3,R6,0-5cm,5.8,6.5,67,143,764,116,22,70
T4,R1,0-25cm,6.8,5.7,39,101,876,217,20,70
T4,R1,0-5cm,6.4,6.3,55,190,915,221,14,70
T4,R2,0-25cm,6.5,6.9,43,106,764,204,32,70
T4,R2,0-5cm,6.2,6.7,60,212,800,172,42,70
T4,R3,0-25cm,6.6,4.7,45,107,842,212,33,68
T4,R3,0-5cm,6.4,6.3,62,324,1263,286,57,69
T4,R4,0-25cm,6.9,6.1,49,110,842,212,51,69
T4,R4,0-5cm,6.5,7.4,69,236,920,220,34,69
T4,R5,0-25cm,6.7,5.7,25,97,880,228,52,68
T4,R5,0-5cm,6.5,6,38,212,1160,240,29,68
T4,R6,0-25cm,6.4,5.8,55,40,655,112,20,69
T4,R6,0-5cm,6.1,6.9,71,106,618,119,39,70
T6,R1,0-25cm,6.5,6.2,48,101,800,210,22,69
T6,R2,0-25cm,6.6,6.5,36,97,800,220,22,71
T6,R3,0-25cm,6.5,5,63,200,842,200,33,70
T6,R4,0-25cm,6.8,6.5,43,97,764,204,22,70
T6,R5,0-25cm,6.3,5.7,32,76,840,196,28,63
T6,R6,0-25cm,5.9,6.3,57,54,618,108,27,63
